{
    "{\"p0\": 0.19160000000000002, \"p1\": 0.00022917204246570652, \"p2\": 0.9108538773036612}": -0.87,
    "{\"p0\": 0.29350000000000004, \"p1\": 0.00024598211363264654, \"p2\": 0.8402775315610659}": -0.897,
    "{\"p0\": 0.5, \"p1\": 0.0001, \"p2\": 1.0}": -0.933,
    "{\"p0\": 0.6998000000000001, \"p1\": 0.00021278718202161846, \"p2\": 0.8025191998925646}": -0.934
}