{
    "{\"p0\": 100, \"p1\": 14, \"p2\": 0.31, \"p3\": \"Adadelta\"}": 1.008,
    "{\"p0\": 100, \"p1\": 16, \"p2\": 0.22, \"p3\": \"Adagrad\"}": 8.803,
    "{\"p0\": 100, \"p1\": 22, \"p2\": 0.13, \"p3\": \"Adamax\"}": 8.811,
    "{\"p0\": 128, \"p1\": 14, \"p2\": 0.25, \"p3\": \"Adadelta\"}": 1.008,
    "{\"p0\": 128, \"p1\": 20, \"p2\": 0.4, \"p3\": \"Adadelta\"}": 1.009,
    "{\"p0\": 16, \"p1\": 12, \"p2\": 0.11, \"p3\": \"NAdam\"}": 9.728,
    "{\"p0\": 16, \"p1\": 30, \"p2\": 0.53, \"p3\": \"Adagrad\"}": 8.811,
    "{\"p0\": 200, \"p1\": 14, \"p2\": 0.31, \"p3\": \"Adadelta\"}": 1.007,
    "{\"p0\": 256, \"p1\": 14, \"p2\": 0.21000000000000002, \"p3\": \"Adadelta\"}": 1.009,
    "{\"p0\": 256, \"p1\": 20, \"p2\": 0.2, \"p3\": \"NAdam\"}": 8.811,
    "{\"p0\": 300, \"p1\": 14, \"p2\": 0.4, \"p3\": \"Adagrad\"}": 8.811,
    "{\"p0\": 300, \"p1\": 22, \"p2\": 0.45999999999999996, \"p3\": \"Adam\"}": 8.811,
    "{\"p0\": 400, \"p1\": 14, \"p2\": 0.31, \"p3\": \"Adadelta\"}": 1.01,
    "{\"p0\": 400, \"p1\": 8, \"p2\": 0.23, \"p3\": \"RMSprop\"}": 9.728,
    "{\"p0\": 512, \"p1\": 14, \"p2\": 0.30000000000000004, \"p3\": \"Adadelta\"}": 1.009,
    "{\"p0\": 512, \"p1\": 14, \"p2\": 0.31, \"p3\": \"Adadelta\"}": 1.01,
    "{\"p0\": 64, \"p1\": 1, \"p2\": 0.33, \"p3\": \"NAdam\"}": 9.69,
    "{\"p0\": 64, \"p1\": 14, \"p2\": 0.31, \"p3\": \"Adadelta\"}": 1.008,
    "{\"p0\": 64, \"p1\": 14, \"p2\": 0.31, \"p3\": \"SGD\"}": 10.204,
    "{\"p0\": 64, \"p1\": 14, \"p2\": 0.35, \"p3\": \"Adadelta\"}": 1.008,
    "{\"p0\": 64, \"p1\": 14, \"p2\": 0.35, \"p3\": \"Adamax\"}": 9.728,
    "{\"p0\": 64, \"p1\": 14, \"p2\": 0.35, \"p3\": \"SGD\"}": 10.204,
    "{\"p0\": 64, \"p1\": 14, \"p2\": 0.47, \"p3\": \"Adamax\"}": 9.728,
    "{\"p0\": 64, \"p1\": 16, \"p2\": 0.30000000000000004, \"p3\": \"Adagrad\"}": 8.803,
    "{\"p0\": 64, \"p1\": 16, \"p2\": 0.31, \"p3\": \"Adadelta\"}": 1.008,
    "{\"p0\": 64, \"p1\": 16, \"p2\": 0.31, \"p3\": \"Adagrad\"}": 8.811,
    "{\"p0\": 64, \"p1\": 16, \"p2\": 0.32, \"p3\": \"SGD\"}": 10.204,
    "{\"p0\": 64, \"p1\": 16, \"p2\": 0.35, \"p3\": \"Adam\"}": 9.728,
    "{\"p0\": 64, \"p1\": 16, \"p2\": 0.35, \"p3\": \"RMSprop\"}": 9.728,
    "{\"p0\": 64, \"p1\": 16, \"p2\": 0.36, \"p3\": \"RMSprop\"}": 9.728,
    "{\"p0\": 64, \"p1\": 20, \"p2\": 0.33, \"p3\": \"Adadelta\"}": 1.008,
    "{\"p0\": 64, \"p1\": 20, \"p2\": 0.35, \"p3\": \"Adadelta\"}": 1.008
}