{
    "{\"p0\": 100, \"p1\": 16, \"p2\": 0.22, \"p3\": \"Adagrad\"}": 1.082,
    "{\"p0\": 100, \"p1\": 22, \"p2\": 0.13, \"p3\": \"Adamax\"}": 1.016,
    "{\"p0\": 128, \"p1\": 12, \"p2\": 0.22, \"p3\": \"NAdam\"}": 1.018,
    "{\"p0\": 128, \"p1\": 14, \"p2\": 0.22, \"p3\": \"NAdam\"}": 1.019,
    "{\"p0\": 128, \"p1\": 2, \"p2\": 0.22, \"p3\": \"Adadelta\"}": 2.52,
    "{\"p0\": 128, \"p1\": 20, \"p2\": 0.35, \"p3\": \"RMSprop\"}": 1.018,
    "{\"p0\": 128, \"p1\": 20, \"p2\": 0.37, \"p3\": \"Adam\"}": 1.016,
    "{\"p0\": 128, \"p1\": 24, \"p2\": 0.14, \"p3\": \"Adamax\"}": 1.016,
    "{\"p0\": 128, \"p1\": 30, \"p2\": 0.22, \"p3\": \"Adamax\"}": 1.016,
    "{\"p0\": 16, \"p1\": 1, \"p2\": 0.11, \"p3\": \"Adamax\"}": 1.039,
    "{\"p0\": 16, \"p1\": 12, \"p2\": 0.11, \"p3\": \"NAdam\"}": 1.02,
    "{\"p0\": 16, \"p1\": 14, \"p2\": 0.11, \"p3\": \"Adamax\"}": 1.016,
    "{\"p0\": 16, \"p1\": 16, \"p2\": 0.1, \"p3\": \"Adamax\"}": 1.015,
    "{\"p0\": 16, \"p1\": 20, \"p2\": 0.11, \"p3\": \"Adamax\"}": 1.017,
    "{\"p0\": 16, \"p1\": 20, \"p2\": 0.12000000000000001, \"p3\": \"NAdam\"}": 1.021,
    "{\"p0\": 16, \"p1\": 20, \"p2\": 0.14, \"p3\": \"NAdam\"}": 1.019,
    "{\"p0\": 16, \"p1\": 24, \"p2\": 0.22, \"p3\": \"NAdam\"}": 1.017,
    "{\"p0\": 16, \"p1\": 30, \"p2\": 0.1, \"p3\": \"Adamax\"}": 1.016,
    "{\"p0\": 16, \"p1\": 30, \"p2\": 0.11, \"p3\": \"NAdam\"}": 1.02,
    "{\"p0\": 16, \"p1\": 30, \"p2\": 0.53, \"p3\": \"Adagrad\"}": 1.047,
    "{\"p0\": 200, \"p1\": 20, \"p2\": 0.13, \"p3\": \"Adamax\"}": 1.016,
    "{\"p0\": 200, \"p1\": 20, \"p2\": 0.21000000000000002, \"p3\": \"Adamax\"}": 1.016,
    "{\"p0\": 200, \"p1\": 20, \"p2\": 0.21000000000000002, \"p3\": \"NAdam\"}": 1.016,
    "{\"p0\": 256, \"p1\": 20, \"p2\": 0.2, \"p3\": \"NAdam\"}": 1.018,
    "{\"p0\": 300, \"p1\": 20, \"p2\": 0.21000000000000002, \"p3\": \"Adamax\"}": 1.017,
    "{\"p0\": 300, \"p1\": 20, \"p2\": 0.56, \"p3\": \"Adamax\"}": 1.019,
    "{\"p0\": 32, \"p1\": 22, \"p2\": 0.22, \"p3\": \"Adamax\"}": 1.016,
    "{\"p0\": 400, \"p1\": 8, \"p2\": 0.23, \"p3\": \"RMSprop\"}": 1.018,
    "{\"p0\": 512, \"p1\": 1, \"p2\": 0.15000000000000002, \"p3\": \"NAdam\"}": 1.056,
    "{\"p0\": 512, \"p1\": 20, \"p2\": 0.22, \"p3\": \"Adamax\"}": 1.017,
    "{\"p0\": 512, \"p1\": 20, \"p2\": 0.23, \"p3\": \"Adamax\"}": 1.018,
    "{\"p0\": 64, \"p1\": 20, \"p2\": 0.19, \"p3\": \"Adamax\"}": 1.017
}