p0,p1,p2,p3,RUNTIME,elapsed_sec
200,16,0.4,Adamax,8.811,92.04662704467773
300,14,0.45999999999999996,RMSprop,9.728,155.93941187858582
256,1,0.44000000000000006,Adagrad,9.69,162.91877603530884
64,14,0.35,Adadelta,1.008,182.75032496452332
64,22,0.22,SGD,8.811,183.01576495170593
